,라벨명,등장 횟수,평균 스코어,표준편차,최대 스코어,최소 스코어
0,Vehicle,439,0.2805137235951315,3.5840225946739133,0.8109404444694519,0.05057922750711441
1,"Outside, urban or manmade",280,0.09520804270037583,0.9358345934141912,0.4204460680484772,0.050024691969156265
2,Music,275,0.3112475237114863,3.4703846623983488,0.8223857283592224,0.05079552158713341
3,Train,262,0.261531958256969,2.8958072180557326,0.7473545670509338,0.050532370805740356
4,Animal,256,0.1521383995859651,1.594696178911262,0.6802476048469543,0.050436943769454956
5,Car,248,0.14670542071783735,1.4743339534523483,0.5012502670288086,0.050111886113882065
6,Rail transport,237,0.233330121963336,2.4811924002322208,0.6775853633880615,0.050386179238557816
7,"Railroad car, train wagon",227,0.23383625723126175,2.4199737626632256,0.700685441493988,0.052400317043066025
8,Speech,222,0.5792349850977058,3.1458223625944863,0.8236133456230164,0.05397966131567955
9,"Inside, public space",202,0.09554354958973899,0.43653827187089045,0.19959954917430878,0.05011283978819847
10,"Subway, metro, underground",196,0.15827145746776036,1.415719921746484,0.4998655617237091,0.0504351444542408
11,Ocean,159,0.19200189228890077,1.6798882540091165,0.6807809472084045,0.050071872770786285
12,"Waves, surf",157,0.19952638950317528,1.7053672613475759,0.6776484847068787,0.05021701753139496
13,Sliding door,132,0.10309214449741623,0.5602490331106059,0.30491742491722107,0.050037793815135956
14,Wind,130,0.11858862870587752,0.7513129735746746,0.4224388301372528,0.0501292422413826
15,"Domestic animals, pets",124,0.13233722160540282,1.1491097217395732,0.6606558561325073,0.05011505261063576
16,Aircraft,121,0.2427039701830257,1.9928974672170898,0.6686881184577942,0.050751954317092896
17,Wind noise (microphone),121,0.11769926575712922,0.7383151892749659,0.4117743670940399,0.05180898308753967
18,Pink noise,109,0.1490345592824144,0.9470008227879684,0.38947075605392456,0.05079542100429535
19,"Fixed-wing aircraft, airplane",101,0.2217000358101755,1.5514233140165559,0.5916675329208374,0.05030703544616699
20,Bow-wow,101,0.1499962033611713,1.000611162742498,0.5069306492805481,0.05010046064853668
21,Bus,97,0.07610611636767682,0.22990859778016795,0.1456914097070694,0.050067976117134094
22,Dog,97,0.14032608815996916,0.9517523791978385,0.521868884563446,0.05017450824379921
23,Clickety-clack,92,0.11488563198920178,0.5402249150679055,0.29311251640319824,0.05344590172171593
24,"Outside, rural or natural",90,0.07402588812013468,0.2645488005404706,0.18323342502117157,0.05017348751425743
25,"Traffic noise, roadway noise",86,0.10026034825416498,0.42428785552677256,0.26230791211128235,0.05109776556491852
26,"Boat, Water vehicle",80,0.11035716868937015,0.8093626601001604,0.5149185061454773,0.05032126605510712
27,Door,80,0.10706462152302265,0.41820434537411233,0.259265273809433,0.05015549808740616
28,Run,77,0.13900246877561917,0.8760852175324447,0.4890192151069641,0.05129653587937355
29,Truck,74,0.1322066068045191,0.9054051399048639,0.5129866003990173,0.05167113617062569
30,Motor vehicle (road),74,0.07131346003026576,0.1520386629772862,0.1250382959842682,0.050311777740716934
31,Clip-clop,73,0.07940195827451471,0.3373054040929855,0.3159642815589905,0.05033518001437187
32,"Inside, large room or hall",71,0.06999720827164785,0.1815077302665171,0.1481781005859375,0.05021488666534424
33,Siren,70,0.20128993333450385,1.0519163075154396,0.7656989097595215,0.05095457285642624
34,Train wheels squealing,69,0.10222363401798235,0.6537066749915408,0.46529603004455566,0.050294943153858185
35,Horse,67,0.08891275058041757,0.4213560862159524,0.3336482346057892,0.05066179856657982
36,Emergency vehicle,66,0.25910136854332505,1.4407511894633425,0.6540851593017578,0.05201588198542595
37,Rain,65,0.23349892479869036,1.7098800859418797,0.9499545693397522,0.05151212960481644
38,Chatter,65,0.14447719059311426,0.7944256466699273,0.5033630728721619,0.050141457468271255
39,Basketball bounce,63,0.1483448508476454,0.8035669213806934,0.4444592297077179,0.050867173820734024
40,Engine,62,0.10561427714363221,0.5138917174443686,0.3956635892391205,0.050553031265735626
41,Bird,62,0.15854789148415288,1.0797846026576985,0.6717489957809448,0.05011816322803497
42,Aircraft engine,60,0.25252355554451544,1.273601295018944,0.6259742975234985,0.05083005875349045
43,Field recording,60,0.10741992679735025,0.428838832058028,0.282362699508667,0.05042027682065964
44,Thunder,60,0.21148913235714037,1.47906532852487,0.9026833772659302,0.05149104446172714
45,Ping,60,0.100509227377673,0.7410054231297641,0.7708543539047241,0.05038196220993996
46,Cupboard open or close,54,0.17055316614332022,0.9310320112594487,0.5713646411895752,0.05024780333042145
47,Thunderstorm,54,0.2087153116999953,1.404973826176533,0.910901665687561,0.051250338554382324
48,Water,52,0.1869778590133557,0.937056312343792,0.5104776620864868,0.052037373185157776
49,"Inside, small room",50,0.07049786545336247,0.1726453457100908,0.18774834275245667,0.050844259560108185
50,Crowd,49,0.12092051586630392,0.4489385122058307,0.3380991518497467,0.05065365880727768
51,"Fire engine, fire truck (siren)",48,0.15885908622294664,0.7973665458846412,0.6699529886245728,0.05624833330512047
52,"Female speech, woman speaking",47,0.12185563852495336,0.48083228453575017,0.3593856692314148,0.051973748952150345
53,"Propeller, airscrew",46,0.1458697452655305,0.8134388743390396,0.5318278670310974,0.05085153877735138
54,Vacuum cleaner,45,0.17581050536698764,0.8245377260156282,0.4663456082344055,0.05181077495217323
55,Rain on surface,45,0.1767238240275118,0.9490711551096228,0.6257606148719788,0.0509236678481102
56,"Hubbub, speech noise, speech babble",45,0.10687975246045324,0.35629384568134914,0.3242102265357971,0.050794173032045364
57,Police car (siren),43,0.16158292693800705,0.5463881449349457,0.3679492771625519,0.052304353564977646
58,Microwave oven,42,0.11597312028918948,0.48185379376891757,0.45011210441589355,0.05092113837599754
59,"Accelerating, revving, vroom",40,0.08945449022576213,0.24276144911028008,0.1795743703842163,0.0502111092209816
60,"Ice cream truck, ice cream van",40,0.24020392466336488,1.1058613033445457,0.7333638072013855,0.05075760930776596
61,Ambulance (siren),39,0.14698780853396806,0.5685833308944119,0.3916133940219879,0.05185879394412041
62,Mechanisms,38,0.19994192217525683,1.1374745843543617,0.7972408533096313,0.05083397030830383
63,Children playing,38,0.23951068863664804,1.1708338370946176,0.7414684295654297,0.051450230181217194
64,Helicopter,37,0.38836815973391403,1.6729440985464141,0.8261451125144958,0.05081985890865326
65,"Chink, clink",34,0.10568184460348942,0.4289320255942553,0.37826797366142273,0.05196131393313408
66,Jet engine,33,0.14858978117505708,0.5285814096496319,0.42452576756477356,0.054049137979745865
67,Slam,33,0.07570035337950244,0.1352240272632222,0.14709369838237762,0.05025522783398628
68,Waterfall,32,0.1129598394036293,0.3117718271780068,0.24441225826740265,0.05262898653745651
69,Hair dryer,31,0.2624603318831613,1.2649670057976008,0.8425049781799316,0.05604314059019089
70,Rumble,31,0.1083614436849471,0.42763579026987275,0.40723636746406555,0.05001819133758545
71,Yip,31,0.09039775967117279,0.21679797289620834,0.1923883706331253,0.050333984196186066
72,"Pigeon, dove",31,0.18172745490747114,0.810371312114778,0.5462064743041992,0.052553705871105194
73,Medium engine (mid frequency),30,0.08177992254495621,0.1728175208742527,0.18237997591495514,0.05071212723851204
74,"Dishes, pots, and pans",30,0.12421633290747801,0.5459919988859068,0.44399091601371765,0.051616642624139786
75,Raindrop,30,0.14217309132218361,0.4772498178984992,0.34262615442276,0.05117151141166687
76,Slosh,30,0.1869134144236644,0.7247039238855542,0.569700300693512,0.051550623029470444
77,Tools,29,0.15185604527078825,0.5651796064498702,0.3782626688480377,0.05651253089308739
78,Musical instrument,29,0.11373176451387076,0.2965985595147616,0.23342658579349518,0.050453271716833115
79,"Thump, thud",29,0.11203779845402159,0.31453192332798563,0.2748814821243286,0.050797589123249054
80,Ship,28,0.06649047535445009,0.07884349686288185,0.11561816930770874,0.05007217824459076
81,White noise,27,0.06938705855497608,0.11349115100962115,0.15645965933799744,0.050629645586013794
82,"Gunshot, gunfire",27,0.11696090535433204,0.3398247409298122,0.29883745312690735,0.05002765357494354
83,Eruption,27,0.12157497596409586,0.32972709896959534,0.2668358385562897,0.05025646463036537
84,Wood,26,0.12211729471500103,0.39757892953387347,0.3476599156856537,0.050651915371418
85,"Cutlery, silverware",26,0.14284690584127718,0.5634715571534995,0.4361572861671448,0.054726652801036835
86,Blender,25,0.18667973414063455,0.7016011235797271,0.6386048793792725,0.05316099524497986
87,Hiss,24,0.14182092590878406,0.5170357111466553,0.4012221395969391,0.05056723207235336
88,Scary music,24,0.1414564521983266,0.44377698917878405,0.37231549620628357,0.05178084596991539
89,Steam,23,0.154058162284934,0.49230603805473916,0.4318086802959442,0.05272771418094635
90,Biting,23,0.2885553062610004,0.627031550805718,0.4969005882740021,0.060603901743888855
91,"Child speech, kid speaking",23,0.13037012339286183,0.39472193468857886,0.42730364203453064,0.05101797357201576
92,Cheering,23,0.20162638098649358,0.5267889279908683,0.47558069229125977,0.05095885694026947
93,Crunch,22,0.33035973205485125,1.098193886444461,0.7990537285804749,0.05697541683912277
94,Snort,22,0.12548979304053567,0.3449001088026583,0.32143333554267883,0.05069991946220398
95,"Beep, bleep",21,0.13721066092451414,0.38246564802325744,0.38892874121665955,0.054188843816518784
96,Gears,21,0.18528139928267115,0.6448053330617848,0.5548680424690247,0.050232287496328354
97,Whimper (dog),21,0.08029971999071893,0.14315498414672978,0.15183158218860626,0.050139423459768295
98,"Narration, monologue",21,0.08953058559979711,0.18955040802928028,0.2194204330444336,0.05410504341125488
99,"Power windows, electric windows",20,0.14049489852041006,0.4378602768104253,0.4830511212348938,0.054246824234724045
100,"Ratchet, pawl",20,0.19676563497632743,0.6523449986431045,0.6112200617790222,0.05787112936377525
101,Drawer open or close,20,0.09958785567432642,0.22897548859557013,0.25476256012916565,0.05086717754602432
102,Singing,20,0.12413736172020436,0.3173657063549787,0.2904815673828125,0.05352311208844185
103,Idling,19,0.08928470352762624,0.13907945855435516,0.18559889495372772,0.053275346755981445
104,Keys jangling,18,0.15204762957162327,0.6113779520951675,0.6018014550209045,0.051030755043029785
105,Tick-tock,18,0.12459728080365393,0.38693857113255475,0.3935483694076538,0.0503702238202095
106,"Water tap, faucet",18,0.25761240161955357,0.7848536918261791,0.589535117149353,0.05700581893324852
107,Motorcycle,18,0.15708616748452187,0.34779900980028144,0.3533560037612915,0.057984549552202225
108,"Chewing, mastication",18,0.2724574903647105,0.5236430874137517,0.48480018973350525,0.06676716357469559
109,Train horn,18,0.12393838374151124,0.4345760756817703,0.39649686217308044,0.05042482167482376
110,Creak,18,0.1748071058342854,0.8167450857824412,0.7386864423751831,0.05313956364989281
111,Children shouting,18,0.15913894358608457,0.38279802668685914,0.3401423692703247,0.05284320190548897
112,Fill (with liquid),17,0.09456311034805634,0.1332161688415793,0.142329141497612,0.052612531930208206
113,Liquid,17,0.11582195977954303,0.20039058055560593,0.21825209259986877,0.05651123449206352
114,Percussion,17,0.13543499151573463,0.2931720339236082,0.2978999614715576,0.05062403902411461
115,Mallet percussion,17,0.11455032711519915,0.20706308746771168,0.20795434713363647,0.058421723544597626
116,Glockenspiel,17,0.1111891120672226,0.20083027782075952,0.19424982368946075,0.05057772994041443
117,"Marimba, xylophone",17,0.14306144591640024,0.4072334197720318,0.4415437877178192,0.05492062121629715
118,Reversing beeps,17,0.2880646926076973,0.9360754018701467,0.7202790975570679,0.05255523696541786
119,Explosion,17,0.10307125506155632,0.24260259257242925,0.24900804460048676,0.05089497193694115
120,Rub,16,0.21542798215523362,0.6346074854948653,0.49191761016845703,0.05449506640434265
121,Orchestra,16,0.13933004578575492,0.3090853234592413,0.3193523585796356,0.05347752571105957
122,"Male speech, man speaking",16,0.11020037066191435,0.21805876516959521,0.24190451204776764,0.05279691144824028
123,"Bird vocalization, bird call, bird song",16,0.12336989166215062,0.3172629046570636,0.36480993032455444,0.051662933081388474
124,Power tool,15,0.12782037059466045,0.21289751501521306,0.2179996222257614,0.06269070506095886
125,Silence,15,0.06375432536005973,0.03658478747824494,0.07819030433893204,0.05212626978754997
126,Drip,15,0.14961886902650198,0.34667782021723,0.35218295454978943,0.056426819413900375
127,Tick,15,0.10149775743484497,0.2502443977551097,0.2811318039894104,0.05046579986810684
128,Stream,15,0.08637572427590688,0.15577828285728512,0.21699471771717072,0.05187908932566643
129,Classical music,15,0.08035486340522766,0.10210251445771833,0.1284843385219574,0.05129560828208923
130,Coo,15,0.12250930592417716,0.21458690347714893,0.20499883592128754,0.052378877997398376
131,Air brake,15,0.09918382838368416,0.22203036642468613,0.2912892997264862,0.05082269012928009
132,Drill,14,0.1550972190286432,0.3483451011383094,0.3521345853805542,0.05411366745829582
133,Hum,14,0.1366555762610265,0.33384666920176503,0.3748413622379303,0.05819001421332359
134,Sink (filling or washing),14,0.22451869079044887,0.5945236601077416,0.5181938409805298,0.06746041029691696
135,Glass,14,0.13208967447280884,0.36566648816239766,0.43687012791633606,0.0592268668115139
136,Wind chime,14,0.1633388889687402,0.6469131093234425,0.6326777935028076,0.0584176741540432
137,Chime,14,0.14693669469228812,0.5684283206689639,0.5816517472267151,0.0546785369515419
138,Gong,13,0.21472405183773774,0.6316972537130845,0.613832950592041,0.05068229138851166
139,Stir,13,0.2759138156588261,0.8414368732866757,0.7757723331451416,0.06271647661924362
140,Insect,13,0.2390983205002088,0.7503829019337546,0.6851668953895569,0.052343521267175674
141,Breathing,13,0.14929256273003724,0.36280070776160395,0.45057329535484314,0.052214156836271286
142,Cat,13,0.23727386845992163,0.729887181695159,0.7361831068992615,0.06790971755981445
143,Tubular bells,13,0.09195153701763886,0.11069439076769257,0.15207144618034363,0.05175083875656128
144,Filing (rasp),12,0.16357866364220777,0.46751116802854104,0.5367854237556458,0.0631825253367424
145,Hammer,12,0.14910241278509298,0.6324855730116009,0.7394714951515198,0.05596166476607323
146,"Sailboat, sailing ship",12,0.08912013440082471,0.1513743967540435,0.18090008199214935,0.051619239151477814
147,Gasp,12,0.10084402654320002,0.11314562779731506,0.1756676882505417,0.05604704096913338
148,Choir,12,0.18986578937619925,0.5146231649633984,0.5371371507644653,0.05594255030155182
149,Air conditioning,11,0.058603834699500694,0.027062970520591936,0.07795199751853943,0.05128473415970802
150,Crushing,11,0.15501300448721106,0.31005327050463793,0.3197368085384369,0.05104696750640869
151,Crack,11,0.11278943751345981,0.32456485009493796,0.412301629781723,0.05190560221672058
152,Artillery fire,11,0.09845393692905252,0.11014974502383817,0.16478118300437927,0.054207079112529755
153,Bell,11,0.09463155337355354,0.16585532426061073,0.20192623138427734,0.05043432116508484
154,"Neigh, whinny",11,0.1337383118542758,0.27710157053985424,0.33335357904434204,0.05009686201810837
155,Tearing,10,0.1267071906477213,0.18297524985298744,0.2370704710483551,0.060955796390771866
156,Snake,10,0.12095542587339878,0.23154270115620612,0.2955704629421234,0.054334547370672226
157,Toilet flush,10,0.2065925896167755,0.6713826710941377,0.7529798150062561,0.05761115998029709
158,Civil defense siren,10,0.1862250119447708,0.6415899133970856,0.7796164751052856,0.05543399974703789
159,Sneeze,10,0.17215801998972893,0.29785095102787246,0.34576839208602905,0.05068764090538025
160,Tap,10,0.07625025883316994,0.08959888604324115,0.1510021835565567,0.05089525133371353
161,"Violin, fiddle",10,0.17115972191095352,0.274221422838253,0.35094648599624634,0.07735628634691238
162,Meow,10,0.2057081714272499,0.5917723542534111,0.6292532682418823,0.059446003288030624
163,Steelpan,10,0.15761662274599075,0.28801797300022697,0.3589370548725128,0.06604394316673279
164,Lawn mower,9,0.09971034361256494,0.17720623814961653,0.2535483241081238,0.05163528397679329
165,Arrow,9,0.12955102365877894,0.21509253944717607,0.2759443521499634,0.05364459007978439
166,Sewing machine,9,0.21249998443656498,0.42853912020373475,0.5522279143333435,0.08653537929058075
167,Sizzle,9,0.29243702441453934,0.5664417696001217,0.5456196069717407,0.07951672375202179
168,Bathtub (filling or washing),9,0.15142414222160974,0.4474640690390088,0.5519617795944214,0.051552534103393555
169,Cap gun,9,0.17847088269061512,0.3471097017631857,0.43806391954421997,0.06098702922463417
170,"Heart sounds, heartbeat",9,0.1151628630856673,0.18207327829283876,0.20766118168830872,0.05143626034259796
171,Snoring,9,0.3078718214399285,0.8468635274092676,0.8123857975006104,0.05159234255552292
172,Throat clearing,9,0.19815905102425152,0.31934644763544645,0.3372463583946228,0.05725103244185448
173,Whip,9,0.15018492481774753,0.29014421482836594,0.31170034408569336,0.05331481620669365
174,"Motorboat, speedboat",9,0.07946824861897363,0.07172260068208734,0.1350603997707367,0.05804012343287468
175,Car passing by,9,0.061215048448907,0.024886821783408113,0.07694748789072037,0.05145183950662613
176,"Race car, auto racing",9,0.1265253842704826,0.20022951841396924,0.25601035356521606,0.06132178381085396
177,Printer,8,0.10315033467486501,0.19102537257140767,0.27883073687553406,0.05076802894473076
178,Scissors,8,0.23615758772939444,0.5266538591868711,0.5899648070335388,0.05697549134492874
179,Whale vocalization,8,0.13102779490873218,0.17503194823315077,0.2262778878211975,0.052189137786626816
180,Frying (food),8,0.279706958681345,0.5626696406076717,0.6795086860656738,0.054744526743888855
181,Vibration,8,0.0794592434540391,0.06010958803162322,0.12030091881752014,0.05853799358010292
182,Engine knocking,8,0.09103079745545983,0.09549198008407779,0.16480252146720886,0.051374174654483795
183,Camera,8,0.15153493080288172,0.24041467913709963,0.279732882976532,0.05437123030424118
184,Single-lens reflex camera,8,0.1394177619367838,0.22678701250028815,0.3092506527900696,0.056839726865291595
185,"Rowboat, canoe, kayak",8,0.1951915230602026,0.5705174428318225,0.6026416420936584,0.05114781856536865
186,Gurgling,8,0.0625604703091085,0.028991694893687803,0.08700697869062424,0.05129111558198929
187,Sigh,8,0.2552464855834842,0.6174679535770636,0.7125100493431091,0.050383031368255615
188,Conversation,8,0.05820658104494214,0.02549918088998321,0.07814373075962067,0.05073137208819389
189,Cash register,7,0.13099218479224614,0.36246807377735324,0.46270814538002014,0.05116482079029083
190,Doorbell,7,0.1684212807033743,0.5158153643303117,0.6238110661506653,0.0555894672870636
191,Mains hum,7,0.16138311156204768,0.2739966669120368,0.40222418308258057,0.06177179515361786
192,Timpani,7,0.20961997019393103,0.3545967462148907,0.507210373878479,0.08822543919086456
193,Scrape,7,0.09035832381674222,0.0817892384482323,0.14839111268520355,0.055444322526454926
194,"Bee, wasp, etc.",7,0.14843569695949554,0.3502936132032132,0.46904677152633667,0.06445422768592834
195,Clock,7,0.08290064228432519,0.06830229115228215,0.12964072823524475,0.05538903921842575
196,Sawing,7,0.12016898074320384,0.11673794358341033,0.17208227515220642,0.05463476479053497
197,Wheeze,7,0.13354132696986198,0.18465247830080045,0.27532145380973816,0.05967753008008003
198,"Vehicle horn, car horn, honking",7,0.1454773715564183,0.3218789528461477,0.41801729798316956,0.05019259452819824
199,Change ringing (campanology),7,0.1426462648170335,0.2897711960237504,0.37512707710266113,0.053109560161828995
200,Cricket,7,0.2148639378803117,0.4814384979859472,0.5973892211914062,0.05744965374469757
201,Caw,7,0.09262257069349289,0.10849096653468854,0.18457163870334625,0.053657129406929016
202,Crow,7,0.11629365118486541,0.16423890171253666,0.25938403606414795,0.056044336408376694
203,Television,7,0.08295059363756861,0.07135618629319752,0.14024515450000763,0.0527191124856472
204,Machine gun,7,0.16301539593509265,0.18205875966600835,0.2614328861236572,0.05129077658057213
205,"Smoke detector, smoke alarm",6,0.1575518511235714,0.26105657915684144,0.3764365613460541,0.07027823477983475
206,Ringtone,6,0.09460150512556235,0.11638000624904055,0.19354595243930817,0.05274024233222008
207,Throbbing,6,0.09191147858897845,0.0961636034669688,0.15646307170391083,0.05351337790489197
208,Typing,6,0.23644200836618742,0.504398668155761,0.6665300726890564,0.05283641070127487
209,Pulleys,6,0.14600182448824248,0.21504752906005947,0.297451376914978,0.05028156191110611
210,"Fly, housefly",6,0.163060221200188,0.36226530166212706,0.48583781719207764,0.06060009077191353
211,Pump (liquid),6,0.07008829216162364,0.02679176549768922,0.08393704891204834,0.05175982415676117
212,Knock,6,0.07791792539258798,0.0709219364759079,0.13945309817790985,0.05097511038184166
213,Cough,6,0.1778905919442574,0.23018078105051462,0.3361213803291321,0.05635029450058937
214,Toot,6,0.180775448679924,0.18444735657176387,0.2789069712162018,0.06314313411712646
215,Sonar,5,0.07577629536390304,0.036532609332932404,0.10816437005996704,0.06359386444091797
216,"Dental drill, dentist's drill",5,0.10162333697080612,0.13856755538279963,0.2240835726261139,0.05268700420856476
217,Computer keyboard,5,0.26200354248285296,0.47017407392681765,0.6607707142829895,0.10908292979001999
218,Mechanical fan,5,0.0648160882294178,0.05015909473704153,0.10935128480195999,0.05034419149160385
219,Thunk,5,0.19078600779175758,0.4856248154669989,0.6226189732551575,0.05311517044901848
220,Alarm,5,0.09488939195871353,0.057450423694423394,0.13584209978580475,0.0602797195315361
221,"Crumpling, crinkling",5,0.14218148738145828,0.1568730465909682,0.27060383558273315,0.06448201090097427
222,Heavy engine (low frequency),5,0.066100212931633,0.017594274606905252,0.07765331864356995,0.05612805858254433
223,Roar,5,0.10618557706475258,0.12889809329403096,0.21250677108764648,0.05191762372851372
224,Shuffle,5,0.107845339179039,0.10598809731190804,0.18278829753398895,0.061442673206329346
225,Keyboard (musical),5,0.09025221690535545,0.08592572464132212,0.15954507887363434,0.052556950598955154
226,Owl,5,0.14251554310321807,0.24433413242670984,0.3554573059082031,0.06458941847085953
227,Church bell,5,0.16111039370298386,0.2385760310748032,0.2984553873538971,0.06453767418861389
228,Rustling leaves,5,0.08277061507105828,0.04286489346282619,0.10912816971540451,0.05290330573916435
229,Foghorn,5,0.11565107852220535,0.14894769217440731,0.23993441462516785,0.05402832478284836
230,Squeal,5,0.09819095432758332,0.06632698049792203,0.14631028473377228,0.06425902992486954
231,"Cattle, bovinae",5,0.10515255630016326,0.12314982019307426,0.19530357420444489,0.05256231501698494
232,Bowed string instrument,5,0.1364601194858551,0.1262954574674416,0.23627671599388123,0.06969935446977615
233,Ambient music,5,0.0759941354393959,0.03605474828596934,0.09788487106561661,0.0549217090010643
234,"Livestock, farm animals, working animals",5,0.12637727856636047,0.10731628353658369,0.2018287032842636,0.05165853351354599
235,Drum,5,0.08527361005544662,0.04108698868598804,0.11006078869104385,0.06624025106430054
236,Sheep,5,0.12086814641952515,0.19109895620088388,0.2648341953754425,0.05410545691847801
237,"Burst, pop",5,0.08223341405391693,0.04837993065139788,0.12369276583194733,0.06457275152206421
238,Light engine (high frequency),4,0.18438975140452385,0.23548784731424896,0.32261061668395996,0.06612259149551392
239,Alarm clock,4,0.15132679603993893,0.2043837717250486,0.3256407380104065,0.06675312668085098
240,Sound effect,4,0.053118184208869934,0.004535659143208086,0.05603691563010216,0.050269532948732376
241,Typewriter,4,0.1574014201760292,0.17470853813835568,0.3030771315097809,0.07900048047304153
242,Coin (dropping),4,0.21648173034191132,0.23375404564946967,0.35144463181495667,0.060779958963394165
243,Breaking,4,0.08353239390999079,0.048535962996331866,0.11714649945497513,0.05587955191731453
244,Plop,4,0.5072469413280487,0.4938740580635296,0.7638799548149109,0.1870221197605133
245,Splinter,4,0.08425475843250751,0.016265581807003715,0.09334798902273178,0.07117509096860886
246,Toothbrush,4,0.6703886240720749,0.6681345976200546,0.9412068724632263,0.11042547225952148
247,"Burping, eructation",4,0.5232633166015148,0.75376602793382,0.9359586238861084,0.08370058238506317
248,"Whoosh, swoosh, swish",4,0.05979659128934145,0.015797034703906487,0.06899739801883698,0.05090347304940224
249,Wild animals,4,0.23590577207505703,0.35531471744930665,0.5268923044204712,0.08198866248130798
250,"Roaring cats (lions, tigers)",4,0.14717797376215458,0.1643206784959339,0.2851235568523407,0.07728971540927887
251,Heart murmur,4,0.08764161635190248,0.05044112364556513,0.11473700404167175,0.05008033290505409
252,Piano,4,0.15173418261110783,0.10182556474879245,0.23042544722557068,0.08966716378927231
253,Fowl,4,0.1139638302847743,0.12885919264698403,0.21733419597148895,0.05104069784283638
254,Bark,4,0.07435531914234161,0.04004264552856382,0.09979213029146194,0.052437420934438705
255,"Chuckle, chortle",4,0.16803202964365482,0.20444834166330664,0.3419354557991028,0.08412715047597885
256,Fire,4,0.0785823855549097,0.03156810032775298,0.1029631495475769,0.06419447064399719
257,Female singing,4,0.07363945338875055,0.04766442982248022,0.11486140638589859,0.05827820673584938
258,Whir,4,0.06495755631476641,0.019716713504810753,0.08009818941354752,0.05247509852051735
259,Vibraphone,4,0.1390297431498766,0.0894157057752476,0.18673066794872284,0.08050026744604111
260,Moo,4,0.10632033087313175,0.09312958016917987,0.16869142651557922,0.054899923503398895
261,Shatter,4,0.10785181075334549,0.10331211812489288,0.1922687292098999,0.06323762238025665
262,Gospel music,4,0.11029992531985044,0.11304851137572795,0.1918582320213318,0.05555463209748268
263,Bleat,4,0.17393840104341507,0.2449515246805933,0.31522542238235474,0.050416890531778336
264,Electronic music,4,0.10754540655761957,0.11110950963151266,0.20147746801376343,0.058571647852659225
265,Jingle bell,4,0.1716061793267727,0.1460864650131938,0.2793903350830078,0.08362077176570892
266,Skidding,4,0.09657296258956194,0.09998684521372388,0.18126967549324036,0.05138998106122017
267,Jackhammer,4,0.31082802079617977,0.36337855748065534,0.5114699006080627,0.11706400662660599
268,Tuning fork,3,0.1287317325671514,0.12727192818412916,0.23262876272201538,0.07501482963562012
269,Chainsaw,3,0.1458671639362971,0.09695396717570978,0.2220420241355896,0.08912286162376404
270,Engine starting,3,0.129071906208992,0.10106635205402063,0.20949487388134003,0.07285062968730927
271,Hoot,3,0.13226680954297385,0.1998418388563872,0.2954363524913788,0.05028774216771126
272,Crackle,3,0.06313098967075348,0.008468647958939599,0.06971157342195511,0.058001965284347534
273,Tambourine,3,0.11309168736139934,0.06812806728091357,0.16422882676124573,0.06856364756822586
274,Boiling,3,0.10596993565559387,0.11925570006452882,0.20331618189811707,0.05536232143640518
275,Spray,3,0.15513747682174048,0.16417515750073458,0.2887653410434723,0.07913460582494736
276,Gush,3,0.08638320490717888,0.04414150213094627,0.11479133367538452,0.05297055467963219
277,Squeak,3,0.14434104536970457,0.20011882841302836,0.3071683645248413,0.05112819746136665
278,Telephone,3,0.13162370522816977,0.11365209744219108,0.22407571971416473,0.07847899943590164
279,Whistle,3,0.13715695589780807,0.17589415538685108,0.2807328402996063,0.062393948435783386
280,Growling,3,0.091959231843551,0.04458637055302404,0.12382414191961288,0.06078070029616356
281,Purr,3,0.20957213640213013,0.20932312968486935,0.36796870827674866,0.0747772604227066
282,Train whistle,3,0.057250836243232094,0.002994497022084198,0.05859427899122238,0.054809968918561935
283,"Walk, footsteps",3,0.06575791165232658,0.015564318600839705,0.07771630585193634,0.0560542531311512
284,"Canidae, dogs, wolves",3,0.06434463957945506,0.020125345190643105,0.08021115511655807,0.05270935222506523
285,Ding-dong,3,0.10406361147761345,0.08816553906044247,0.17374901473522186,0.05358314886689186
286,Caterwaul,3,0.2008038510878881,0.10852311217788385,0.2807345688343048,0.12771835923194885
287,Synthesizer,3,0.08078878497083981,0.04113066360513069,0.11415286362171173,0.06079095974564552
288,Car alarm,3,0.09597466761867206,0.04128868939915654,0.11529774218797684,0.06238945946097374
289,Guitar,3,0.06969211498896281,0.024687264591098438,0.08346721529960632,0.05006033182144165
290,Snicker,3,0.1299456482132276,0.18038033446424773,0.27720022201538086,0.053951844573020935
291,Clapping,3,0.10165439794460933,0.08983640806257853,0.17390553653240204,0.05456890910863876
292,Whoop,3,0.05705450971921285,0.004227594529866335,0.06048744544386864,0.05502580478787422
293,Theme music,3,0.13227637112140656,0.058222451169296405,0.1636524498462677,0.08565965294837952
294,Goat,3,0.2450087716182073,0.14875480900819066,0.33079975843429565,0.1276557296514511
295,Boom,3,0.07691059758265813,0.017347346488738095,0.08874040096998215,0.06424980610609055
296,Fusillade,3,0.08909383416175842,0.08718352301050757,0.1602228581905365,0.05108395963907242
297,"Chirp, tweet",3,0.18949470420678458,0.2221329095441956,0.3663523197174072,0.06624417006969452
298,Environmental noise,3,0.1727192960679531,0.14071254964692603,0.2421472668647766,0.058728400617837906
299,Buzzer,2,0.07166983559727669,0.01152879098975325,0.07982192188501358,0.0635177493095398
300,Sanding,2,0.06194424629211426,0.010538166193997134,0.06939585506916046,0.054492637515068054
301,Finger snapping,2,0.1268363855779171,0.07807818009969705,0.18204599618911743,0.07162677496671677
302,Maraca,2,0.2793057933449745,0.21298415723181507,0.4299083352088928,0.1287032514810562
303,Bicycle bell,2,0.19665705040097237,0.1655793049767248,0.3137392997741699,0.07957480102777481
304,Ding,2,0.11257721111178398,0.009774944719381545,0.1194891408085823,0.10566528141498566
305,Clang,2,0.18777811899781227,0.16002521435338343,0.30093303322792053,0.07462320476770401
306,Chop,2,0.21985320001840591,0.0027342451870078673,0.22178660333156586,0.21791979670524597
307,Steam whistle,2,0.09963653236627579,0.037293227973091606,0.1260068267583847,0.07326623797416687
308,Stomach rumble,2,0.14008852280676365,0.12404992096740551,0.22780506312847137,0.05237198248505592
309,Grunt,2,0.07077958434820175,0.0086895211246123,0.07692400366067886,0.06463516503572464
310,Wood block,2,0.08587833493947983,0.01574819101951981,0.09701398760080338,0.07474268227815628
311,Whistling,2,0.3121809959411621,0.3635150511199146,0.5692249536514282,0.055137038230895996
312,Hiccup,2,0.07370761781930923,0.021486189416338456,0.08890064805746078,0.058514587581157684
313,Skateboard,2,0.15031620115041733,0.12634106843348425,0.2396528273820877,0.06097957491874695
314,Fireworks,2,0.17688491940498352,0.04777475933940222,0.21066677570343018,0.14310306310653687
315,Firecracker,2,0.0939142070710659,0.02842767526731749,0.1140156090259552,0.0738128051161766
316,"Slap, smack",2,0.1033424623310566,0.054084010852581466,0.14158563315868378,0.06509929150342941
317,Male singing,2,0.06464214622974396,0.01634377867253938,0.07619894295930862,0.05308534950017929
318,Laughter,2,0.10711643099784851,0.053148229643450146,0.144697904586792,0.06953495740890503
319,Giggle,2,0.06804601661860943,0.01885374203937456,0.08137762546539307,0.05471440777182579
320,Child singing,2,0.06483036652207375,0.009497249671255393,0.07154593616724014,0.05811479687690735
321,"Smash, crash",2,0.059061286970973015,0.004162688810917119,0.062004752457141876,0.05611782148480415
322,String section,2,0.10925202630460262,0.08040300816609207,0.16610553860664368,0.05239851400256157
323,Christian music,2,0.13347169756889343,0.0028563972907045656,0.1354914754629135,0.13145191967487335
324,Opera,2,0.06894385814666748,0.002897996230184818,0.07099305093288422,0.06689466536045074
325,Brass instrument,2,0.06832285225391388,0.0023200364965549284,0.06996336579322815,0.06668233871459961
326,Singing bowl,2,0.07789858058094978,0.016314534028028887,0.08943469822406769,0.06636246293783188
327,Tire squeal,2,0.10011960752308369,0.06079322278723893,0.14310690760612488,0.057132307440042496
328,Honk,2,0.23031010292470455,0.24160197537201145,0.4011484980583191,0.05947170779109001
329,Duck,2,0.08046362921595573,0.019775085318712863,0.09444672614336014,0.06648053228855133
330,Sine wave,2,0.1606089361011982,0.08878119315493242,0.2233867198228836,0.09783115237951279
331,Chirp tone,2,0.22671092301607132,0.19739091910084558,0.36628738045692444,0.0871344655752182
332,Static,1,0.05425286293029785,0.0,0.05425286293029785,0.05425286293029785
333,Drum machine,1,0.1255788952112198,0.0,0.1255788952112198,0.1255788952112198
334,Chopping (food),1,0.11852440983057022,0.0,0.11852440983057022,0.11852440983057022
335,Clicking,1,0.46417295932769775,0.0,0.46417295932769775,0.46417295932769775
336,Groan,1,0.35033050179481506,0.0,0.35033050179481506,0.35033050179481506
337,Scratch,1,0.20744912326335907,0.0,0.20744912326335907,0.20744912326335907
338,Wedding music,1,0.06152236461639404,0.0,0.06152236461639404,0.06152236461639404
339,Turkey,1,0.07006438076496124,0.0,0.07006438076496124,0.07006438076496124
340,Gobble,1,0.06318651884794235,0.0,0.06318651884794235,0.06318651884794235
341,Battle cry,1,0.06850418448448181,0.0,0.06850418448448181,0.06850418448448181
342,Synthetic singing,1,0.3228903114795685,0.0,0.3228903114795685,0.3228903114795685
343,"Chicken, rooster",1,0.06644134968519211,0.0,0.06644134968519211,0.06644134968519211
344,"Telephone dialing, DTMF",1,0.2052420675754547,0.0,0.2052420675754547,0.2052420675754547
345,"Bird flight, flapping wings",1,0.08252938836812973,0.0,0.08252938836812973,0.08252938836812973
346,Telephone bell ringing,1,0.1782420575618744,0.0,0.1782420575618744,0.1782420575618744
347,Pig,1,0.10377942770719528,0.0,0.10377942770719528,0.10377942770719528
348,Oink,1,0.10747088491916656,0.0,0.10747088491916656,0.10747088491916656
349,Theremin,1,0.2339710295200348,0.0,0.2339710295200348,0.2339710295200348
350,Organ,1,0.05050938203930855,0.0,0.05050938203930855,0.05050938203930855
351,Effects unit,1,0.10717073082923889,0.0,0.10717073082923889,0.10717073082923889
352,Squawk,1,0.05180518329143524,0.0,0.05180518329143524,0.05180518329143524
353,Babbling,1,0.06717240810394287,0.0,0.06717240810394287,0.06717240810394287
354,"Baby cry, infant cry",1,0.161836639046669,0.0,0.161836639046669,0.161836639046669
355,Whimper,1,0.10251161456108093,0.0,0.10251161456108093,0.10251161456108093
356,"Crying, sobbing",1,0.14290498197078705,0.0,0.14290498197078705,0.14290498197078705
357,Belly laugh,1,0.06667359173297882,0.0,0.06667359173297882,0.06667359173297882
358,Zipper (clothing),1,0.05071086436510086,0.0,0.05071086436510086,0.05071086436510086
359,Pizzicato,1,0.15546385943889618,0.0,0.15546385943889618,0.15546385943889618
360,Zither,1,0.09190411865711212,0.0,0.09190411865711212,0.09190411865711212
361,Mandolin,1,0.21230430901050568,0.0,0.21230430901050568,0.21230430901050568
362,Harp,1,0.050485096871852875,0.0,0.050485096871852875,0.050485096871852875
363,Plucked string instrument,1,0.07024718821048737,0.0,0.07024718821048737,0.07024718821048737
364,Bluegrass,1,0.06438128650188446,0.0,0.06438128650188446,0.06438128650188446
365,Drum kit,1,0.10556571185588837,0.0,0.10556571185588837,0.10556571185588837
366,Bass drum,1,0.05279267951846123,0.0,0.05279267951846123,0.05279267951846123
367,Background music,1,0.09164449572563171,0.0,0.09164449572563171,0.09164449572563171
368,Cello,1,0.08974813669919968,0.0,0.08974813669919968,0.08974813669919968
369,Techno,1,0.12048298865556717,0.0,0.12048298865556717,0.12048298865556717
370,Music of Asia,1,0.06137165054678917,0.0,0.06137165054678917,0.06137165054678917
371,Baby laughter,1,0.07599490880966187,0.0,0.07599490880966187,0.07599490880966187
372,Country,1,0.05589818209409714,0.0,0.05589818209409714,0.05589818209409714
373,Rock and roll,1,0.0846705213189125,0.0,0.0846705213189125,0.0846705213189125
374,"Splash, splatter",1,0.08509248495101929,0.0,0.08509248495101929,0.08509248495101929
375,Yodeling,1,0.10131372511386871,0.0,0.10131372511386871,0.10131372511386871
376,Music of Latin America,1,0.12865442037582397,0.0,0.12865442037582397,0.12865442037582397
377,Salsa music,1,0.06639914214611053,0.0,0.06639914214611053,0.06639914214611053
378,A capella,1,0.13076654076576233,0.0,0.13076654076576233,0.13076654076576233
379,Vocal music,1,0.052509408444166183,0.0,0.052509408444166183,0.052509408444166183
380,Flute,1,0.1351040154695511,0.0,0.1351040154695511,0.1351040154695511
381,Noise,1,0.05182386934757233,0.0,0.05182386934757233,0.05182386934757233
382,Mosquito,1,0.057953495532274246,0.0,0.057953495532274246,0.057953495532274246
383,Electric toothbrush,1,0.07136350125074387,0.0,0.07136350125074387,0.07136350125074387
384,Quack,1,0.05704693868756294,0.0,0.05704693868756294,0.05704693868756294
385,Didgeridoo,1,0.2892417907714844,0.0,0.2892417907714844,0.2892417907714844
386,Goose,1,0.3668953776359558,0.0,0.3668953776359558,0.3668953776359558
387,Frog,1,0.44506046175956726,0.0,0.44506046175956726,0.44506046175956726
388,Croak,1,0.1925593763589859,0.0,0.1925593763589859,0.1925593763589859
389,Mouse,1,0.05049383267760277,0.0,0.05049383267760277,0.05049383267760277
390,Pour,1,0.07419057935476303,0.0,0.07419057935476303,0.07419057935476303
